{
    "dc_per_class_pp_all": {
        "1": 0.9997948391519602,
        "2": 0.9996903227327996,
        "3": 0.9998591073501985
    },
    "dc_per_class_pp_per_class": {
        "1": 0.9992188657558497,
        "2": 0.9975599896936256,
        "3": 0.9988659636707112
    },
    "dc_per_class_raw": {
        "1": 0.9998465470363996,
        "2": 0.9996971779949988,
        "3": 0.9998914734301889
    },
    "for_which_classes": [],
    "min_valid_object_sizes": "None",
    "num_samples": 160,
    "validation_final": "validation_raw_postprocessed",
    "validation_raw": "validation_raw"
}